"Date","Link","Tweet","Comment"
"2017-02-16 06:34 AM","https://twitter.com/realdonaldtrump/status/832191485701451777","Stock market hits new high with longest winning streak in decades. Great level of confidence and optimism - even before tax plan rollout!",""
"2017-02-23 05:53 PM","https://twitter.com/realdonaldtrump/status/834899071982841856","'S&P 500 Edges Higher After Trump Renews Jobs Pledge' https://t.co/WtrRJVFmvU",""
"2017-02-25 08:27 AM","https://twitter.com/realdonaldtrump/status/835481237879926784","Great optimism for future of U.S. business, AND JOBS, with the DOW having an 11th straight record close. Big tax & regulation cuts coming!",""
"2017-03-02 06:00 AM","https://twitter.com/realdonaldtrump/status/837256338203881472","Since November 8th, Election Day, the Stock Market has posted $3.2 trillion in GAINS and consumer confidence is at a 15 year high. Jobs!",""
"2017-03-14 11:00 AM","https://twitter.com/realdonaldtrump/status/841665325682827265","JOBS, JOBS, JOBS! https://t.co/wAkQMKdPXA","Four Fox Business graphics, including ""U. S. MARKETS FROM ELECTION DAY"""
"2017-04-01 06:21 PM","https://twitter.com/realdonaldtrump/status/848299191646515202","Thank you @JCLayfield -- will get even better as my Administration continues to put #AmericaFirstüá∫üá∏ https://t.co/AQQzmt10x7","video clip of Fox News: ""CONSUMER CONFIDENCE AT 16-YR HIGH AS DOW SEES LONGEST QUARTERLY WINNING STREAK IN 10 YRS"""
"2017-06-02 06:08 AM","https://twitter.com/realdonaldtrump/status/870582867084050432","RT @foxandfriends: Wall Street hits record highs after Trump pulls out of Climate pact https://t.co/PDmwj13Lus",""
"2017-06-02 06:40 AM","https://twitter.com/realdonaldtrump/status/870590911222349824","RT @EricTrump: #MakeAmericaGreatAgain!!! üá∫üá∏üá∫üá∏ https://t.co/MStWl628xe","video clip of Reuters Business: ""Dow, S&P 500 and Nasdaq set record closing highs"""
"2017-06-11 08:22 AM","https://twitter.com/realdonaldtrump/status/873878061778907137","The #FakeNews MSM doesn't report the great economic news since Election Day. #DOW up 16%. #NASDAQ up 19.5%. Drilling & energy sector...",""
"2017-07-02 07:55 PM","https://twitter.com/realdonaldtrump/status/881662619282702338","Stock Market at all time high, unemployment at lowest level in years (wages will start going up) and our base has never been stronger!",""
"2017-07-03 05:10 PM","https://twitter.com/realdonaldtrump/status/881983493533822976","Dow hit a new intraday all-time high! I wonder whether or not the Fake News Media will so report?",""
"2017-07-03 09:33 PM","https://twitter.com/realdonaldtrump/status/882049782541414400","RT @JacobAWohl: @realDonaldTrump When Obama was President, the #MSM LOVED talking about stock market rallies! Now they barely mention new a‚Ä¶","Retweet of account now suspended"
"2017-07-12 07:06 PM","https://twitter.com/realdonaldtrump/status/885274148012011520","Stock market hits another high with spirit and enthusiasm so positive. Jobs outlook looking very good! #MAGAüá∫üá∏ https://t.co/Vwxsb2vWGe",""
"2017-07-15 12:21 PM","https://twitter.com/realdonaldtrump/status/886259363412926464","Stock Market at new all-time high! Working on new trade deals that will be great for U.S. and its workers!",""
"2017-07-15 12:30 PM","https://twitter.com/realdonaldtrump/status/886261674029854721","Stock Market hit another all-time high yesterday - despite the Russian hoax story! Also, jobs numbers are starting to look very good!",""
"2017-07-15 04:29 PM","https://twitter.com/realdonaldtrump/status/886321948275429381","Just got to the #USWomensOpen in Bedminster, New Jersey. People are really happy with record high stock market - up over 17% since election!",""
"2017-07-18 09:03 PM","https://twitter.com/realdonaldtrump/status/887478019346051075","RT @FoxNews: U.S. Markets since election. https://t.co/rlWSt30GUd",""
"2017-07-23 08:23 PM","https://twitter.com/realdonaldtrump/status/889279880336166914","Thank you to @LOUDOBBS for giving the first six months of the Trump Administration an A+. S.C.,reg cutting,Stock M, jobs,border etc. = TRUE!",""
"2017-07-29 01:04 PM","https://twitter.com/realdonaldtrump/status/891343645529567232","U.S. Stock Market up almost 20% since Election!",""
"2017-07-31 08:28 AM","https://twitter.com/realdonaldtrump/status/891998881009061888","Highest Stock Market EVER, best economic numbers in years, unemployment lowest in 17 years, wages raising, border secure, S.C.: No WH chaos!",""
"2017-08-01 08:49 AM","https://twitter.com/realdonaldtrump/status/892366646542782464","Stock Market could hit all-time high (again) 22,000 today. Was 18,000 only 6 months ago on Election Day. Mainstream media seldom mentions!",""
"2017-08-03 08:08 AM","https://twitter.com/realdonaldtrump/status/893081237082001409","Business is looking better than ever with business enthusiasm at record levels. Stock Market at an all-time high. That doesn't just happen!",""
"2017-08-06 09:15 AM","https://twitter.com/realdonaldtrump/status/894185208924262401","MAKE AMERICA GREAT AGAIN! https://t.co/g4ELhh9joH","Four Fox Business graphics, including ""DOW HITS ALL-TIME HIGH"""
"2017-08-07 07:04 AM","https://twitter.com/realdonaldtrump/status/894514535062790144","...and West Virginia. The fact is the Fake News Russian collusion story, record Stock Market, border security, military strength, jobs.....",""
"2017-08-16 01:50 PM","https://twitter.com/realdonaldtrump/status/897878175308546048","RT @JacobAWohl: @realDonaldTrump President Trump alone has succeeded in bringing the Stock Market, Small Business Index and Consumer Comfor‚Ä¶","Retweet of account now suspended"
"2017-09-01 07:47 PM","https://twitter.com/realdonaldtrump/status/903766326631698432","Stock Market up 5 months in a row!",""
"2017-09-16 06:40 PM","https://twitter.com/realdonaldtrump/status/909185223887347712","A great deal of good things happening for our country. Jobs and Stock Market at all time highs, and I believe will be getting even better!",""
"2017-09-29 09:39 AM","https://twitter.com/realdonaldtrump/status/913760243770896389","RECORD HIGH FOR S & P 500!",""
"2017-09-29 09:32 PM","https://twitter.com/realdonaldtrump/status/913939669800202240","RT @Scavino45: Under POTUS' @realDonaldTrump 
‚òëÔ∏èS&P 500 38thüìàRecord High 
‚òëÔ∏èNASDAQ 44thüìàRecord High
‚òëÔ∏è#MakeAmericaGreatAgainüá∫üá∏ https://t.co‚Ä¶",""
"2017-10-05 07:09 AM","https://twitter.com/realdonaldtrump/status/915896809536589824","Stock Market hits an ALL-TIME high! Unemployment lowest in 16 years! Business and manufacturing enthusiasm at highest level in decades!",""
"2017-10-05 10:16 PM","https://twitter.com/realdonaldtrump/status/916124989736308736","RT @FoxBusiness: #StockAlert: U.S. markets since the election https://t.co/1kwamJuizO","Fox Business graphic ""MARKETS SINCE THE ELECTION"""
"2017-10-09 10:31 PM","https://twitter.com/realdonaldtrump/status/917578384800124929","RT @IvankaTrump: .@realDonaldTrump stock market rally is close to becoming the greatest in 85 years https://t.co/5WlZa82Mij",""
"2017-10-11 06:21 AM","https://twitter.com/realdonaldtrump/status/918058910673760258","Stock Market has increased by 5.2 Trillion dollars since the election on November 8th, a 25% increase. Lowest unemployment in 16 years and..",""
"2017-10-11 06:31 AM","https://twitter.com/realdonaldtrump/status/918061437750267904","It would be really nice if the Fake News Media would report the virtually unprecedented Stock Market growth since the election.Need tax cuts",""
"2017-10-16 08:54 AM","https://twitter.com/realdonaldtrump/status/919909494200528897","Since Election Day on November 8, the Stock Market is up more than 25%, unemployment is at a 17 year low & companies are coming back to U.S.",""
"2017-10-16 08:57 AM","https://twitter.com/realdonaldtrump/status/919910256624447493","The U.S. has gained more than 5.2 trillion dollars in Stock Market Value since Election Day! Also, record business enthusiasm.",""
"2017-10-17 07:05 AM","https://twitter.com/realdonaldtrump/status/920244350268903424","RT @Scavino45: U.S. MARKETS FROM ELECTION DAY {Since 11/8/2016} üìà https://t.co/HtjHrznQKJ","video clip of Fox Business: ""DOW CLOSES AT RECORD HIGH"""
"2017-10-17 12:16 PM","https://twitter.com/realdonaldtrump/status/920322631412473856","""Dow Passes 23,000 for the First Time, Fueled by Strong Earnings""
#Dow23Küìàhttps://t.co/wnkrddYlb9 https://t.co/wlP0NCNcou",""
"2017-10-17 07:06 PM","https://twitter.com/realdonaldtrump/status/920425695507042305","WOW! https://t.co/eKfRktNVuy","includes an animation titled ‚ÄúDOW PASSES 23,000 FOR THE FIRST TIME‚Äù"
"2017-10-18 06:49 PM","https://twitter.com/realdonaldtrump/status/920783976784171008","""20,000üìà21,000üìà22,000üìà 23,000üìàthis year...FOUR one thousand milestones this year..."" 
#Dow23K #MAGA https://t.co/GQ5f2eVvEI","video clip of Fox Business: ""DOW CLOSES ABOVE 23,000 54 DAYS SINCE DOW CLOSED ABOVE 22,000"""
"2017-10-21 09:14 AM","https://twitter.com/realdonaldtrump/status/921726400922619904","Stock Market hits another all time high on Friday. 5.3 trillion dollars up since Election. Fake News doesn't spent much time on this!",""
"2017-10-21 08:09 PM","https://twitter.com/realdonaldtrump/status/921891186352287744","...2nd Amendment, Strong Military, ISIS, historic VA improvement, Supreme Court Justice, Record Stock Market, lowest unemployment in 17 yrs!",""
"2017-10-24 10:35 AM","https://twitter.com/realdonaldtrump/status/922833943749103621","Stock Market just hit another record high! Jobs looking very good.",""
"2017-10-25 11:40 AM","https://twitter.com/realdonaldtrump/status/923212567232774145","MAKE AMERICA GREAT AGAIN! https://t.co/CbEwJSQ1A3","video clip of Fox News: ""STOCK MARKET SURGE"""
"2017-11-04 08:35 AM","https://twitter.com/realdonaldtrump/status/926789876556500992","Unemployment is down to 4.1%, lowest in 17 years. 1.5 million new jobs created since I took office. Highest stock Market ever, up $5.4 trill",""
"2017-11-07 05:37 AM","https://twitter.com/realdonaldtrump/status/927847349648609280","Stock market hit yet another all-time record high yesterday. There is great confidence in the moves that my Administration....",""
"2017-11-17 05:29 AM","https://twitter.com/realdonaldtrump/status/931469365538672640","Great numbers on Stocks and the Economy. If we get Tax Cuts and Reform, we'll really see some great results!",""
"2017-11-22 06:51 AM","https://twitter.com/realdonaldtrump/status/933301876975718401","Will be having meetings and working the phones from the Winter White House in Florida (Mar-a-Lago). Stock Market hit new Record High yesterday - $5.5 trillion gain since E. Many companies coming back to the U.S. Military building up and getting very strong.",""
"2017-11-23 06:28 AM","https://twitter.com/realdonaldtrump/status/933658521828315136","HAPPY THANKSGIVING, your Country is starting to do really well. Jobs coming back, highest Stock Market EVER, Military getting really strong, we will build the WALL, V.A. taking care of our Vets, great Supreme Court Justice, RECORD CUT IN REGS, lowest unemployment in 17 years....!",""
"2017-11-27 09:48 PM","https://twitter.com/realdonaldtrump/status/935339687006429185","New home sales reach a 10 year high. Stock Market has more record gains. Hopefully Republican Senators will give us the much needed Tax Cuts to keep it all going! Democrats want big Tax Increases.",""
"2017-11-28 05:30 PM","https://twitter.com/realdonaldtrump/status/935636972252618753","Dow, S&P 500 and Nasdaq all finished the day at new RECORD HIGHS! https://t.co/wJyB9d00hh",""
"2017-11-29 06:28 AM","https://twitter.com/realdonaldtrump/status/935832847654576128","RT @EricTrump: #MakeAmericaGreatAgain https://t.co/Q7AiR0buM2","video clip of Fox Business: ""DOW CLOSES AT RECORD HIGH"""
"2017-11-29 07:03 AM","https://twitter.com/realdonaldtrump/status/935841679977910272","Looks like another great day for the Stock Market. Consumer Confidence is at Record High. I guess somebody likes me (my policies)!",""
"2017-11-29 09:49 AM","https://twitter.com/realdonaldtrump/status/935883355547160577","Economy growing! Excluding hurricane effects, CEA estimates that real GDP growth would have been 3.9% in Q3.

Stock market at a new high, unemployment at a low. We are winning and TAX CUTS will shift our economy into high gear! https://t.co/HrKIF72VqE",""
"2017-11-30 08:05 AM","https://twitter.com/realdonaldtrump/status/936219599422574592","Stock Market hits new Record High. Confidence and enthusiasm abound. More great numbers coming out!",""
"2017-11-30 10:46 AM","https://twitter.com/realdonaldtrump/status/936260193536573440","The Dow just broke 24,000 for the first time (another all-time Record). If the Dems had won the Presidential Election, the Market would be down 50% from these levels and Consumer Confidence, which is also at an all-time high, would be ‚Äúlow and glum!‚Äù",""
"2017-11-30 04:50 PM","https://twitter.com/realdonaldtrump/status/936351772603568130","Our FIFTH 1K milestone of 2017!
#DOW24K #MAGA https://t.co/NoVt1uFp0y",""
"2017-12-03 08:15 AM","https://twitter.com/realdonaldtrump/status/937309279257792512","People who lost money when the Stock Market went down 350 points based on the False and Dishonest reporting of Brian Ross of @ABC News (he has been suspended), should consider hiring a lawyer and suing ABC for the damages this bad reporting has caused - many millions of dollars!",""
"2017-12-04 07:00 AM","https://twitter.com/realdonaldtrump/status/937652739001212928","Putting Pelosi/Schumer Liberal Puppet Jones into office in Alabama would hurt our great Republican Agenda of low on taxes, tough on crime, strong on military and borders...& so much more. Look at your 401-k‚Äôs since Election. Highest Stock Market EVER! Jobs are roaring back!",""
"2017-12-04 07:03 AM","https://twitter.com/realdonaldtrump/status/937653535486959616","With the great vote on Cutting Taxes, this could be a big day for the Stock Market - and YOU!",""
"2017-12-10 08:30 AM","https://twitter.com/realdonaldtrump/status/939849867438034944","Things are going really well for our economy, a subject the Fake News spends as little time as possible discussing! Stock Market hit another RECORD HIGH, unemployment is now at a 17 year low and companies are coming back into the USA. Really good news, and much more to come!",""
"2017-12-12 09:23 AM","https://twitter.com/realdonaldtrump/status/940588025964265472","Consumer Confidence is at an All-Time High, along with a Record High Stock Market. Unemployment is at a 17 year low. MAKE AMERICA GREAT AGAIN! Working to pass MASSIVE TAX CUTS (looking good).",""
"2017-12-14 07:59 AM","https://twitter.com/realdonaldtrump/status/941291666564141057","Republican Tax Cuts are looking very good. All are working hard. In the meantime, the Stock Market hit another record high!",""
"2017-12-15 07:00 PM","https://twitter.com/realdonaldtrump/status/941820213518938112","DOW, S&P 500 and NASDAQ close at record highs! #MAGA https://t.co/hvqwnqSGuG",""
"2017-12-18 05:25 PM","https://twitter.com/realdonaldtrump/status/942883507868782592","70 Record Closes for the Dow so far this year! We have NEVER had 70 Dow Records in a one year period. Wow!",""
"2017-12-19 06:04 AM","https://twitter.com/realdonaldtrump/status/943074475209355264","DOW RISES 5000 POINTS ON THE YEAR FOR THE FIRST TIME EVER - MAKE AMERICA GREAT AGAIN!",""
"2017-12-19 06:23 AM","https://twitter.com/realdonaldtrump/status/943079382163353600","Stocks and the economy have a long way to go after the Tax Cut Bill is totally understood and appreciated in scope and size. Immediate expensing will have a big impact. Biggest Tax Cuts and Reform EVER passed. Enjoy, and create many beautiful JOBS!",""
"2017-12-22 10:04 AM","https://twitter.com/realdonaldtrump/status/944222157218942978","With all my Administration has done on Legislative Approvals (broke Harry Truman‚Äôs Record), Regulation Cutting, Judicial Appointments, Building Military, VA, TAX CUTS & REFORM, Record Economy/Stock Market and so much more, I am sure great credit will be given by mainstream news?",""
"2017-12-23 05:44 PM","https://twitter.com/realdonaldtrump/status/944700332881440769","The Stock Market is setting record after record and unemployment is at a 17 year low. So many things accomplished by the Trump Administration, perhaps more than any other President in first year. Sadly, will never be reported correctly by the Fake News Media!",""
"2017-12-26 05:17 PM","https://twitter.com/realdonaldtrump/status/945780569388015616","All signs are that business is looking really good for next year, only to be helped further by our Tax Cut Bill. Will be a great year for Companies and JOBS! Stock Market is poised for another year of SUCCESS!",""
"2017-12-30 11:46 PM","https://twitter.com/realdonaldtrump/status/947328044821336070","‚ÄúTrump Rally: Stocks put 2017 in the record books‚Äù https://t.co/0foQGaFjMh",""
"2018-01-03 09:11 PM","https://twitter.com/realdonaldtrump/status/948738634722742273","Stock Market had another good day but, now that the Tax Cut Bill has passed, we have tremendous upward potential. Dow just short of 25,000, a number that few thought would be possible this soon into my administration. Also, unemployment went down to 4.1%. Only getting better!",""
"2018-01-04 10:48 AM","https://twitter.com/realdonaldtrump/status/948944124132167680","Dow just crashes through 25,000. Congrats! Big cuts in unnecessary regulations continuing.",""
"2018-01-04 07:11 PM","https://twitter.com/realdonaldtrump/status/949070800417640454","MAKING AMERICA GREAT AGAIN! https://t.co/iONbr1DkVk","Image: ""DOW MILESTONES"""
"2018-01-04 11:04 PM","https://twitter.com/realdonaldtrump/status/949129410208202757","The Fake News Media barely mentions the fact that the Stock Market just hit another New Record and that business in the U.S. is booming...but the people know! Can you imagine if ‚ÄúO‚Äù was president and had these numbers - would be biggest story on earth! Dow now over 25,000.",""
"2018-01-05 06:35 AM","https://twitter.com/realdonaldtrump/status/949242950659313669","Dow goes from 18,589 on November 9, 2016, to 25,075 today, for a new all-time Record. Jumped 1000 points in last 5 weeks, Record fastest 1000 point move in history. This is all about the Make America Great Again agenda! Jobs, Jobs, Jobs. Six trillion dollars in value created!",""
"2018-01-06 06:57 AM","https://twitter.com/realdonaldtrump/status/949610896241946626","Brian Ross, the reporter who made a fraudulent live newscast about me that drove the Stock Market down 350 points (billions of dollars), was suspended for a month but is now back at ABC NEWS in a lower capacity. He is no longer allowed to report on Trump. Should have been fired!",""
"2018-01-07 03:42 PM","https://twitter.com/realdonaldtrump/status/950105312782114817","The Stock Market has been creating tremendous benefits for our country in the form of not only Record Setting Stock Prices, but present and future Jobs, Jobs, Jobs. Seven TRILLION dollars of value created since our big election win!",""
"2018-01-13 08:13 AM","https://twitter.com/realdonaldtrump/status/952166643202916352","Yesterday was a big day for the stock market. Jobs are coming back to America. Chrysler is coming back to the USA, from Mexico and many others will follow. Tax cut money to employees is pouring into our economy with many more companies announcing. American business is hot again!",""
"2018-01-13 10:42 PM","https://twitter.com/realdonaldtrump/status/952385311669178368","RT @LouDobbs: The stock market has gained an incredible 7.8 Trillion dollars in market value since @POTUS was elected! Looks like 4% econom‚Ä¶",""
"2018-01-14 08:50 AM","https://twitter.com/realdonaldtrump/status/952538350333939713","‚ÄúPresident Trump is not getting the credit he deserves for the economy. Tax Cut bonuses to more than 2,000,000 workers. Most explosive Stock Market rally that we‚Äôve seen in modern times. 18,000 to 26,000 from Election, and grounded in profitability and growth. All Trump, not 0...",""
"2018-01-15 07:48 PM","https://twitter.com/realdonaldtrump/status/953066286434652165","RT @EricTrump: #MakeAmericaGreatAgain üá∫üá∏üá∫üá∏üá∫üá∏ https://t.co/b81NtQGhHa","Image: ""The value of all stocks has gone up $7,800,000,000,000 from the election to now"""
"2018-01-20 05:31 PM","https://twitter.com/realdonaldtrump/status/954843844402647040","Unprecedented success for our Country, in so many ways, since the Election. Record Stock Market, Strong on Military, Crime, Borders, & ISIS, Judicial Strength & Numbers, Lowest Unemployment for Women & ALL, Massive Tax Cuts, end of Individual Mandate - and so much more. Big 2018!",""
"2018-02-07 09:59 AM","https://twitter.com/realdonaldtrump/status/961253168968622086","In the ‚Äúold days,‚Äù when good news was reported, the Stock Market would go up. Today, when good news is reported, the Stock Market goes down. Big mistake, and we have so much good (great) news about the economy!",""
"2018-03-26 04:29 PM","https://twitter.com/realdonaldtrump/status/978368319542702080","Great news! #MAGA https://t.co/mRQGRJkozC","Retweet of CNBC Now: ""BREAKING: Dow posts third best one-day point gain ever https://cnb.cx/2G6ga8Y"""
"2018-06-05 06:51 AM","https://twitter.com/realdonaldtrump/status/1003952348962619392","The U.S. has an increased economic value of more than 7 Trillion Dollars since the Election. May be the best economy in the history of our country. Record Jobs numbers. Nice!",""
"2018-06-11 05:52 PM","https://twitter.com/realdonaldtrump/status/1006293144911085568","Stock Market up almost 40% since the Election, with 7 Trillion Dollars of U.S. value built throughout the economy. Lowest unemployment rate in many decades, with Black & Hispanic unemployment lowest in History, and Female unemployment lowest in 21 years. Highest confidence ever!",""
"2018-07-14 05:46 AM","https://twitter.com/realdonaldtrump/status/1018069319702458368","The Stock Market hit 25,000 yesterday. Jobs are at an all time record - and that is before we fix some of the worst trade deals and conditions ever seen by any government. It is all happening!",""
"2018-08-17 10:10 AM","https://twitter.com/realdonaldtrump/status/1030456820417081344","Wow! Big pushback on Governor Andrew Cuomo of New York for his really dumb statement about America‚Äôs lack of greatness. I have already MADE America Great Again, just look at the markets, jobs, military- setting records, and we will do even better. Andrew ‚Äúchoked‚Äù badly, mistake!",""
"2018-08-22 04:07 PM","https://twitter.com/realdonaldtrump/status/1032358618576900096","Longest bull run in the history of the stock market, congratulations America!",""
"2018-08-25 07:45 PM","https://twitter.com/realdonaldtrump/status/1033500723709992960","Stock Market hit all time high on Friday. Congratulations U.S.A.!",""
"2018-08-26 10:31 AM","https://twitter.com/realdonaldtrump/status/1033723516116500481","Fantastic numbers on consumer spending released on Friday. Stock Market hits all time high!",""
"2018-08-28 05:57 AM","https://twitter.com/realdonaldtrump/status/1034379525113753601","NASDAQ has just gone above 8000 for the first time in history!",""
"2018-08-30 07:20 AM","https://twitter.com/realdonaldtrump/status/1035125176617365504","The news from the Financial Markets is even better than anticipated. For all of you that have made a fortune in the markets, or seen your 401k‚Äôs rise beyond your wildest expectations, more good news is coming!",""
"2018-09-09 10:12 AM","https://twitter.com/realdonaldtrump/status/1038792215617830912","‚ÄúTrump has set Economic Growth on fire. During his time in office, the economy has achieved feats most experts thought impossible. GDP is growing at a 3 percent-plus rate. The unemployment rate is near a 50 year low.‚Äù CNBC...Also, the Stock Market is up almost 50% since Election!",""
"2018-09-20 09:34 AM","https://twitter.com/realdonaldtrump/status/1042768904857247744","S&P 500 HITS ALL-TIME HIGH  Congratulations USA!",""
"2018-09-21 11:09 PM","https://twitter.com/realdonaldtrump/status/1043336436676681729","RT @FoxBusiness: .@POTUS: ""The stock market is up 55%... Your 401(k)s are up 50, 60, 70% in some cases."" https://t.co/g38SD65pMW",""
"2018-10-03 09:04 AM","https://twitter.com/realdonaldtrump/status/1047472342354604033","The Stock Market just reached an All-Time High during my Administration for the 102nd Time, a presidential record, by far, for less than two years. So much potential as Trade and Military Deals are completed.",""
"2018-10-03 10:05 AM","https://twitter.com/realdonaldtrump/status/1047487803746074624","Blowout numbers on New Jobs and, separately, Services. Market up!",""
"2018-10-04 03:29 PM","https://twitter.com/realdonaldtrump/status/1047931723302887424","‚ÄúU.S. Stocks Widen Global Lead‚Äù https://t.co/Snhv08ulcO","Image: ""U.S. Stocks Widen Global Lead"""
"2018-10-16 10:12 AM","https://twitter.com/realdonaldtrump/status/1052200515608690688","Incredible number just out, 7,036,000 job openings. Astonishing - it‚Äôs all working! Stock Market up big on tremendous potential of USA. Also, Strong Profits. We are Number One in World, by far!",""
"2018-10-16 10:39 PM","https://twitter.com/realdonaldtrump/status/1052388580734263297","Stock Market up 548 points today. Also, GREAT jobs numbers!",""
"2018-10-17 08:40 AM","https://twitter.com/realdonaldtrump/status/1052539788190986240","‚ÄúNetwork News gave Zero coverage to the Big Day the Stock Market had yesterday.‚Äù @foxandfriends",""
"2018-10-21 03:26 PM","https://twitter.com/realdonaldtrump/status/1054091502585069568","Best Jobs Numbers in the history of our great Country! Many other things likewise. So why wouldn‚Äôt we win the Midterms? Dems can never do even nearly as well! Think of what will happen to your now beautiful 401-k‚Äôs!",""
"2018-10-30 08:33 AM","https://twitter.com/realdonaldtrump/status/1057249169507803137","The Stock Market is up massively since the Election, but is now taking a little pause - people want to see what happens with the Midterms. If you want your Stocks to go down, I strongly suggest voting Democrat. They like the Venezuela financial model, High Taxes & Open Borders!",""
"2018-10-30 08:53 AM","https://twitter.com/realdonaldtrump/status/1057254051254013953","‚ÄúIf the Fed backs off and starts talking a little more Dovish, I think we‚Äôre going to be right back to our 2,800 to 2,900 target range that we‚Äôve had for the S&P 500.‚Äù Scott Wren, Wells Fargo.",""
"2018-10-31 09:04 AM","https://twitter.com/realdonaldtrump/status/1057619304949133312","Stock Market up more than 400 points yesterday. Today looks to be another good one. Companies earnings are great!",""
"2018-11-12 10:34 AM","https://twitter.com/realdonaldtrump/status/1062005636488142848","The prospect of Presidential Harassment by the Dems is causing the Stock Market big headaches!",""
"2019-01-04 08:06 AM","https://twitter.com/realdonaldtrump/status/1081175076727345152","As I have stated many times, if the Democrats take over the House or Senate, there will be disruption to the Financial Markets. We won the Senate, they won the House. Things will settle down. They only want to impeach me because they know they can‚Äôt win in 2020, too much success!",""
"2019-01-05 08:00 PM","https://twitter.com/realdonaldtrump/status/1081717108176752640","‚ÄúJobs up big, plus 312,000. Record number working. Manufacturing best in 20 years (Previous administration said this could not happen). Hispanic unemployment lowest ever. Dow plus 747 (for day).‚Äù @DRUDGE_REPORT",""
"2019-01-08 08:01 AM","https://twitter.com/realdonaldtrump/status/1082623264877432837","Economic numbers looking REALLY good. Can you imagine if I had long term ZERO interest rates to play with like the past administration, rather than the rapidly raised normalized rates we have today. That would have been SO EASY! Still, markets up BIG since 2016 Election!",""
"2019-01-19 07:51 AM","https://twitter.com/realdonaldtrump/status/1086607079308251136","The Economy is one of the best in our history, with unemployment at a 50 year low, and the Stock Market ready to again break a record (set by us many times) - & all you heard yesterday, based on a phony story, was Impeachment. You want to see a Stock Market Crash, Impeach Trump!",""
"2019-01-24 10:09 PM","https://twitter.com/realdonaldtrump/status/1088634979037466624","Great earnings coming out of Stock Market. Too bad Media doesn‚Äôt devote much time to this!",""
"2019-01-30 04:54 PM","https://twitter.com/realdonaldtrump/status/1090729920760893441","Dow just broke 25,000. Tremendous news!",""
"2019-02-01 09:16 AM","https://twitter.com/realdonaldtrump/status/1091339521931857926","Best January for the DOW in over 30 years. We have, by far, the strongest economy in the world!",""
"2019-02-19 07:30 AM","https://twitter.com/realdonaldtrump/status/1097835706024644608","Had the opposition party (no, not the Media) won the election, the Stock Market would be down at least 10,000 points by now. We are heading up, up, up!",""
"2019-02-25 10:12 AM","https://twitter.com/realdonaldtrump/status/1100050798015401984","Since my election as President the Dow Jones is up 43% and the NASDAQ Composite almost 50%. Great news for your 401(k)s as they continue to grow. We are bringing back America faster than anyone thought possible!",""
"2019-03-02 09:48 AM","https://twitter.com/realdonaldtrump/status/1101856883634302976","RT @realDonaldTrump: Since my election as President the Dow Jones is up 43% and the NASDAQ Composite almost 50%. Great news for your 401(k)‚Ä¶",""
"2019-03-29 05:41 PM","https://twitter.com/realdonaldtrump/status/1111745178824511489","Had the Fed not mistakenly raised interest rates, especially since there is very little inflation, and had they not done the ridiculously timed quantitative tightening, the 3.0% GDP, & Stock Market, would have both been much higher & World Markets would be in a better place!",""
"2019-04-14 10:04 AM","https://twitter.com/realdonaldtrump/status/1117428291227533312","If the Fed had done its job properly, which it has not, the Stock Market would have been up 5000 to 10,000 additional points, and GDP would have been well  over 4% instead of 3%...with almost no inflation. Quantitative tightening was a killer, should have done the exact opposite!",""
"2019-04-23 06:43 PM","https://twitter.com/realdonaldtrump/status/1120820536605585408","You mean the Stock Market hit an all-time record high today and they‚Äôre actually talking impeachment!? Will I ever be given credit for anything by the Fake News Media or Radical Liberal Dems? NO COLLUSION!",""
"2019-05-10 07:54 AM","https://twitter.com/realdonaldtrump/status/1126817742043136001","The average 401(k) balance has SOARED since the bottom of the market - 466%. Wow!",""
"2019-06-07 05:43 PM","https://twitter.com/realdonaldtrump/status/1137112921991983105","Dow Jones has best week of the year!",""
"2019-06-11 09:55 AM","https://twitter.com/realdonaldtrump/status/1138444530020245505","Good day in the Stock Market. People have no idea the tremendous potential our Country has for GROWTH - and many other things!",""
"2019-06-15 09:44 AM","https://twitter.com/realdonaldtrump/status/1139891393252474880","The Trump Economy is setting records, and has a long way up to go....However, if anyone but me takes over in 2020 (I know the competition very well), there will be a Market Crash the likes of which has not been seen before! KEEP AMERICA GREAT",""
"2019-06-19 08:12 PM","https://twitter.com/realdonaldtrump/status/1141499029727121408","Since Election Day 2016, Stocks up almost 50%, Stocks gained 9.2 Trillion Dollars in value, and more than 5,000,000 new jobs added to the Economy. @LouDobbs If our opponent had won, there would have been a market crash, plain and simple! @TuckerCarlson @seanhannity @IngrahamAngle",""
"2019-06-20 09:58 AM","https://twitter.com/realdonaldtrump/status/1141706991464849408","S&P opens at Record High!",""
"2019-06-20 06:22 PM","https://twitter.com/realdonaldtrump/status/1141833755033767943","S&P closes at Record High! https://t.co/C5nOXIQ7EJ",""
"2019-06-22 10:13 AM","https://twitter.com/realdonaldtrump/status/1142435387496902656","Stock Market is on track to have the best June in over 50 years! Thank you Mr. President! @WSJ",""
"2019-06-22 12:55 PM","https://twitter.com/realdonaldtrump/status/1142476293331738624","I am at Camp David working on many things, including Iran! We have a great Economy, Tariffs have been very helpful both with respect to the huge Dollars coming IN, & on helping to make good Trade Deals. The Dow heading to BEST June in 80 years! Stock Market BEST June in 50 years!",""
"2019-06-24 08:53 AM","https://twitter.com/realdonaldtrump/status/1143140106557186048","....Think of what it could have been if the Fed had gotten it right. Thousands of points higher on the Dow, and GDP in the 4‚Äôs or even 5‚Äôs. Now they stick, like a stubborn child, when we need rates cuts, & easing, to make up for what other countries are doing against us. Blew it!",""
"2019-06-25 08:11 AM","https://twitter.com/realdonaldtrump/status/1143492027897778176","Stock Market is heading for one of the best months (June) in the history of our Country. Thank you Mr. President!",""
"2019-06-26 06:50 AM","https://twitter.com/realdonaldtrump/status/1143833851820724224","RT @realDonaldTrump: Stock Market is heading for one of the best months (June) in the history of our Country. Thank you Mr. President!",""
"2019-06-28 05:12 AM","https://twitter.com/realdonaldtrump/status/1144533973428842496","The Stock Market went up massively from the day after I won the Election, all the way up to the day that I took office, because of the enthusiasm for the fact that I was going to be President. That big Stock Market increase must be credited to me. If Hillary won - a Big Crash!",""
"2019-06-30 11:50 PM","https://twitter.com/realdonaldtrump/status/1145540071384375297","‚ÄúStocks Cap Best First Half Since 1997‚Äù @WSJ Our Country is doing great!",""
"2019-07-03 10:12 AM","https://twitter.com/realdonaldtrump/status/1146421386820427776","S&P 500 hits new record high. Up 19% for the year. Congratulations!",""
"2019-07-03 11:44 PM","https://twitter.com/realdonaldtrump/status/1146625696531456000","Today‚Äôs Stock Market is the highest in the history of our great Country! This is the 104th time since the Election of 2016 that we have reached a NEW HIGH. Congratulations USA!",""
"2019-07-05 11:24 PM","https://twitter.com/realdonaldtrump/status/1147345548548222978","....As well as we are doing from the day after the great Election, when the Market shot right up, it could have been even better - massive additional wealth would have been created, & used very well. Our most difficult problem is not our competitors, it is the Federal Reserve!",""
"2019-07-07 03:03 PM","https://twitter.com/realdonaldtrump/status/1147944143966081028","RT @WhiteHouse: The 3 major U.S. stock indexes all closed with record highs Wednesday! 
https://t.co/UMvQTNn2r7",""
"2019-07-11 10:52 AM","https://twitter.com/realdonaldtrump/status/1149330559379890176","Dow just hit 27,000 for first time EVER!",""
"2019-07-12 06:47 PM","https://twitter.com/realdonaldtrump/status/1149812548625195008","The DOW, S&P 500, and NASDAQ all close the week at a new record high! https://t.co/wPJiM8n7m2",""
"2019-07-15 05:08 PM","https://twitter.com/realdonaldtrump/status/1150874784642867201","....Detention facilities are not Concentration Camps! America has never been stronger than it is now ‚Äì rebuilt Military, highest Stock Market EVER, lowest unemployment and more people working than ever before. Keep America Great!",""
"2019-07-17 08:46 AM","https://twitter.com/realdonaldtrump/status/1151473175496146945","Big Rally tonight in Greenville, North Carolina. Lots of great things to tell you about, including the fact that our Economy is the best it has ever been. Best Employment & Stock Market Numbers EVER. I‚Äôll talk also about people who love, and hate, our Country (mostly love)!  7:PM",""
"2019-07-23 07:25 AM","https://twitter.com/realdonaldtrump/status/1153627260307611648","Newest Poll: Only 11% in favor of starting ridiculous impeachment hearings. Well, let‚Äôs see: We have the Best Economy in History, the Best Employment Numbers in History, Most People Working in History, Highest Stock Market in History, Biggest Tax and Regulation Cuts in History,..",""
"2019-07-25 08:07 AM","https://twitter.com/realdonaldtrump/status/1154362522830614534","President Trump‚Äôs Approval Rating on Economy is at 52%, a 4 point jump. Fox Poll @foxandfriends  Shouldn‚Äôt this be at 100%? Best stock market, economy and unemployment numbers ever! Most people working within U.S. ever! Low interest rates, very low inflation! Country doing great!",""
"2019-07-31 04:41 PM","https://twitter.com/realdonaldtrump/status/1156666163310530560","What the Market wanted to hear from Jay Powell and the Federal Reserve was that this was the beginning of a lengthy and aggressive rate-cutting cycle which would keep pace with China, The European Union and other countries around the world....",""
"2019-08-01 12:05 AM","https://twitter.com/realdonaldtrump/status/1156777889100173313","The people on the stage tonight, and last, were not those that will either Make America Great Again or Keep America Great! Our Country now is breaking records in almost every category, from Stock Market to Military to Unemployment. We have prosperity & success like never before..",""
"2019-08-06 12:28 PM","https://twitter.com/realdonaldtrump/status/1158776846319783937","Thank you @JimCramer @CNBC! https://t.co/DW7HDA0WEK","Clip of CNBC: ""U.S. FUTURES: S&P 500, DOW JONES, NASDAQ"""
"2019-08-23 03:01 PM","https://twitter.com/realdonaldtrump/status/1164975929598316544","The Dow is down 573 points perhaps on the news that Representative Seth Moulton, whoever that may be, has dropped out of the 2020 Presidential Race!",""
"2019-08-25 07:30 PM","https://twitter.com/realdonaldtrump/status/1165768437353738240","My Stock Market gains must be judged from the day after the Election, November 9, 2016, where the Market went up big after the win, and because of the win. Had my opponent won, CRASH!",""
"2019-08-30 10:10 AM","https://twitter.com/realdonaldtrump/status/1167439383932391425","If the Fed would cut, we would have one of the biggest Stock Market increases in a long time. Badly run and weak companies are smartly blaming these small Tariffs instead of themselves for bad management...and who can really blame them for doing that? Excuses!",""
"2019-09-01 10:04 AM","https://twitter.com/realdonaldtrump/status/1168162758136872961","RT @realDonaldTrump: If the Fed would cut, we would have one of the biggest Stock Market increases in a long time. Badly run and weak compa‚Ä¶",""
"2019-09-02 07:38 AM","https://twitter.com/realdonaldtrump/status/1168488487433232384","Since my election, many trillions of dollars of worth has been created for our Country, and the Stock Market is up over 50%. If you followed the advice of the Failing New York Times columnist, Paul Krugman, you‚Äôd be doing VERY poorly - you‚Äôd be angry and hurt. He never got it!",""
"2019-09-05 11:28 PM","https://twitter.com/realdonaldtrump/status/1169814696129523712","RT @MadMoneyOnCNBC: .@JimCramer: Thursday‚Äôs positive economic data may get some commentators to ease up on the desire to endlessly call for‚Ä¶","Link to CNBC article ""Positive economic data triggered a ‚Äòsea change‚Äô in the stocks that are working on Wall Street,"" Jim Cramer says"
"2019-09-26 07:14 AM","https://twitter.com/realdonaldtrump/status/1177179678873968645","If they actually did this the markets would crash. Do you think it was luck that got us to the best Stock Market and Economy in our history. It wasn‚Äôt! https://t.co/V0WGVWEWTN",""
"2019-10-01 06:33 AM","https://twitter.com/realdonaldtrump/status/1178981327082856448","You cannot judge my Stock Market performance since the Inauguration, which was very good, but only from the day after the big Election Win, which was spectacular due to the euphoria of getting Obama/Biden OUT, & getting Trump/Pence IN. WentI up BIG between Nov. 9 & Inauguration!",""
"2019-10-02 11:19 AM","https://twitter.com/realdonaldtrump/status/1179415529074900992","All of this impeachment nonsense, which is going nowhere, is driving the Stock Market, and your 401K‚Äôs, down. But that is exactly what the Democrats want to do. They are willing to hurt the Country, with only the 2020 Election in mind!",""
"2019-10-16 07:29 AM","https://twitter.com/realdonaldtrump/status/1184431250066624512","Our record Economy would CRASH, just like in 1929, if any of those clowns became President!",""
"2019-10-28 09:41 AM","https://twitter.com/realdonaldtrump/status/1188813055108374533","The S&P just hit an ALL TIME HIGH. This is a big win for jobs, 401-K‚Äôs, and, frankly, EVERYONE! Our Country is doing great. Even killed long sought ISIS murderer, Al-Baghdadi. We are stronger than ever before, with GREAT upward potential. Enjoy!",""
"2019-10-31 10:57 AM","https://twitter.com/realdonaldtrump/status/1189919331259424770","The Impeachment Hoax is hurting our Stock Market. The Do Nothing Democrats don‚Äôt care!",""
"2019-11-01 10:08 AM","https://twitter.com/realdonaldtrump/status/1190269494788263936","Stock Market up BIG! Record highs for S&P 500 and NASDAQ. Enjoy!",""
"2019-11-04 08:45 AM","https://twitter.com/realdonaldtrump/status/1191350738536083459","Stock Market hits RECORD HIGH. Spend your money well!",""
"2019-11-04 10:09 AM","https://twitter.com/realdonaldtrump/status/1191371996459884549","All-Time High for Stock Market and all the Fake News wants to talk about is the Impeachment Hoax!",""
"2019-11-04 11:57 PM","https://twitter.com/realdonaldtrump/status/1191580192386494465","RT @TrumpWarRoom: ""So today, we just hit the highest number in the history of the stock market. ... That's for everybody. Your 401(k)'s, ho‚Ä¶",""
"2019-11-05 07:06 AM","https://twitter.com/realdonaldtrump/status/1191688258863976448","RT @Varneyco: STU: ""Throw in strong #profits, #tradedeals, and more #economicgrowth still to come, and you can see why we have record highs‚Ä¶",""
"2019-11-05 07:29 AM","https://twitter.com/realdonaldtrump/status/1191693981404545025","RT @realDonaldTrump: All-Time High for Stock Market and all the Fake News wants to talk about is the Impeachment Hoax!",""
"2019-11-06 08:30 AM","https://twitter.com/realdonaldtrump/status/1192071660494565377","Stock Markets (all three) hit another ALL TIME & HISTORIC HIGH yesterday! You are sooo lucky to have me as your President (just kidding!). Spend your money well!",""
"2019-11-06 05:46 PM","https://twitter.com/realdonaldtrump/status/1192211806665629696","RT @realDonaldTrump: Stock Markets (all three) hit another ALL TIME & HISTORIC HIGH yesterday! You are sooo lucky to have me as your Presid‚Ä¶",""
"2019-11-07 10:43 AM","https://twitter.com/realdonaldtrump/status/1192467617140924417","Stock Market up big today. A New Record. Enjoy!",""
"2019-11-14 08:44 AM","https://twitter.com/realdonaldtrump/status/1194974293911887873","Hit New Stock Market record again yesterday, the 20th time this year, with GREAT potential for the future. USA is where the action is. Companies and jobs are coming back like never before!",""
"2019-11-15 10:17 AM","https://twitter.com/realdonaldtrump/status/1195360243708047366","Another Record Stock Market, 21 times this year, despite an ongoing, & totally unfounded, Witch Hunt, & a Democrat Party that would love to see a nice, big, juicy recession. In actuality, the potential for the United States is unlimited. We will power through the Do Nothing Dems!",""
"2019-11-15 11:34 AM","https://twitter.com/realdonaldtrump/status/1195379578358960128","Stock Market up big. New and Historic Record. Job, jobs, jobs!",""
"2019-11-16 10:18 AM","https://twitter.com/realdonaldtrump/status/1195722806274736129","Dow hits 28,000 - FIRST TIME EVER, HIGHEST EVER! Gee, Pelosi & Schitt have a good idea, ‚Äúlets Impeach the President.‚Äù If something like that ever happened, it would lead to the biggest FALL in Market History. It‚Äôs called a Depression, not a Recession! So much for 401-K‚Äôs & Jobs!",""
"2019-11-17 01:34 PM","https://twitter.com/realdonaldtrump/status/1196134600227078144","Thanks Eric! https://t.co/6Ai7bqto3P","Reply to Eric Trump: ""The DOW closed at over 28,000 for the first time in HISTORY. All three US stock indexes closed today at record highs!!! Good job dad! @realDonaldTrump #MAGA üá∫üá∏üá∫üá∏üá∫üá∏"""
"2019-11-18 04:28 PM","https://twitter.com/realdonaldtrump/status/1196540711086243841","GREAT NEWS! #MAGA #KAG https://t.co/GXDE2IlGGu","Clip of CNBC: ""DOW, NASDAQ RECORD CLOSE"""
"2019-11-19 09:03 AM","https://twitter.com/realdonaldtrump/status/1196791181163847682","NASDAQ UP 27% THIS YEAR ALONE!",""
"2019-11-25 10:05 AM","https://twitter.com/realdonaldtrump/status/1198981079723589639","Another new Stock Market Record. Enjoy!",""
"2019-11-25 05:25 PM","https://twitter.com/realdonaldtrump/status/1199091814340472832","‚ÄúDOW, NASDAQ, S&P 500 CLOSE AT RECORD HIGHS‚Äù https://t.co/q8IuuuUGjb",""
"2019-11-25 11:39 PM","https://twitter.com/realdonaldtrump/status/1199185901651447809","RT @realDonaldTrump: ‚ÄúDOW, NASDAQ, S&P 500 CLOSE AT RECORD HIGHS‚Äù https://t.co/q8IuuuUGjb",""
"2019-11-27 05:09 PM","https://twitter.com/realdonaldtrump/status/1199812482853933056","New Stock Market Record today, AGAIN. Congratulations USA!",""
"2019-11-30 06:45 PM","https://twitter.com/realdonaldtrump/status/1200923794057187328","RT @WattersWorld: . @realDonaldTrump won't get the nomination, Trump won't win, Stock Market will tank, Russia Collusion...These are the st‚Ä¶",""
"2019-12-02 06:11 AM","https://twitter.com/realdonaldtrump/status/1201458758934781953","U.S. Markets are up as much as 21% since the announcement of Tariffs on 3/1/2018 - and the U.S. is taking in massive amounts of money (and giving some to our farmers, who have been targeted by China)!",""
"2019-12-05 11:49 AM","https://twitter.com/realdonaldtrump/status/1202631185052164096","Nancy Pelosi just had a nervous fit. She hates that we will soon have 182 great new judges and sooo much more. Stock Market and employment records. She says she ‚Äúprays for the President.‚Äù I don‚Äôt believe her, not even close. Help the homeless in your district Nancy. USMCA?",""
"2019-12-06 08:16 AM","https://twitter.com/realdonaldtrump/status/1202939897109192704","Stock Markets Up Record Numbers. For this year alone, Dow up 18.65%, S&P up 24.36%, Nasdaq Composite up 29.17%. ‚ÄúIt‚Äôs the economy, stupid.‚Äù",""
"2019-12-06 11:00 AM","https://twitter.com/realdonaldtrump/status/1202981139155210241","Without the horror show that is the Radical Left, Do Nothing Democrats, the Stock Markets and Economy would be even better, if that is possible, and the Border would be closed to the evil of Drugs, Gangs and all other problems! #2020",""
"2019-12-06 03:19 PM","https://twitter.com/realdonaldtrump/status/1203046374222237697","JOBS, JOBS, JOBS! https://t.co/QCtWgld2RW","Clip of CNBC: ""FUTURES JUMP ON BLOWOUT NOVEMBER JOBS REPORT"""
"2019-12-08 04:17 PM","https://twitter.com/realdonaldtrump/status/1203785660449968129","RT @WarRoom2020: OH MY JOBS! ‚Äì¬†U.S. Economy Adds 266,000 Jobs in November  #WarRoomImpeachment https://t.co/gDrgkwm8Zl","warroom.org article: ""OH MY JOBS! ‚Äì U.S. Economy Adds 266,000 Jobs in November. U.S. jobs numbers soared again in November, providing markets another boost..."""
"2019-12-09 10:15 AM","https://twitter.com/realdonaldtrump/status/1204057010192420864","The best Economy ever! https://t.co/Ql8f16uGXD","Reply to CNBC tweet with a list of economic assets that added value, including among others the S&P 500"
"2019-12-13 08:53 AM","https://twitter.com/realdonaldtrump/status/1205485784968630272","Record Stock Market & Jobs!",""
"2019-12-16 12:41 PM","https://twitter.com/realdonaldtrump/status/1206630531162611712","New Stock Market high! I will never get bored of telling you that ‚Äì and we will never get tired of winning!",""
"2019-12-16 04:27 PM","https://twitter.com/realdonaldtrump/status/1206687258100871168","https://t.co/YLmzkgro4d","foxbusiness.com article: ""Dow gains 10,000th point since Trump's election"""
"2019-12-17 09:39 AM","https://twitter.com/realdonaldtrump/status/1206946946289668099","The Stock Market hit another Record High yesterday, number 133 in less than three years as your all time favorite President, and the Radical Left, Do Nothing Democrats, want to impeach me. Don‚Äôt worry, I have done nothing wrong. Actually, they have!",""
"2019-12-20 04:23 PM","https://twitter.com/realdonaldtrump/status/1208135784152358913","Economy is GREAT, Big Stock Market uptick today. Best ranking in 20 years admits CNN! https://t.co/fhee5zYqvB",""
"2019-12-20 11:43 PM","https://twitter.com/realdonaldtrump/status/1208246633168850944","Broke all time Stock Market Record again today. 135 times since my 2016 Election Win. Thank you!",""
"2019-12-23 06:58 PM","https://twitter.com/realdonaldtrump/status/1209262137182445569","NASDAQ UP 72.2% SINCE OUR GREAT 2016 ELECTION VICTORY! DOW UP 55.8%. The best is yet to come!",""
"2019-12-23 07:17 PM","https://twitter.com/realdonaldtrump/status/1209266861436809216","STOCK MARKET CLOSES AT ALL-TIME HIGH! What a great time for the Radical Left, Do Nothing Democrats to Impeach your favorite President, especially since he has not done anything wrong!",""
"2019-12-24 07:15 AM","https://twitter.com/realdonaldtrump/status/1209447572546424832","‚ÄúStocks kick off Christmas week at All-Time Record Highs.‚Äù @foxandfriends",""
"2019-12-24 05:13 PM","https://twitter.com/realdonaldtrump/status/1209597945114484736","https://t.co/jSSY9yvh2P","Clip of Fox News: ""STOCKS RECORD RISE"""
"2019-12-26 03:41 PM","https://twitter.com/realdonaldtrump/status/1210299694880088065","‚ÄúTrump stock market rally is far outpacing past US presidents‚Äù https://t.co/lFegwHMLGr",""
"2019-12-26 04:18 PM","https://twitter.com/realdonaldtrump/status/1210308913620553728","‚ÄúNasdaq Hits 9,000 for First Time Ever‚Äù https://t.co/7gyomV32Zy",""
"2019-12-26 07:13 PM","https://twitter.com/realdonaldtrump/status/1210353054115082240","RT @AZachParkinson: ""The S&P 500 has returned more than 50% since Trump was elected, more than double the 23% average market return of pres‚Ä¶",""
"2019-12-26 07:15 PM","https://twitter.com/realdonaldtrump/status/1210353499990634497","RT @TrumpWarRoom: Americans' retirement savings are WINNING BIG under President Trump!

The Nasdaq just hit 9,000 for the first time IN HIS‚Ä¶",""
"2019-12-27 09:42 AM","https://twitter.com/realdonaldtrump/status/1210571664037208064","‚ÄúTrump Stock Market rally is far outpacing past U.S. presidents‚Äù @CNBC  With new trade deals, and more, THE BEST IS YET TO COME!",""
"2019-12-27 04:51 PM","https://twitter.com/realdonaldtrump/status/1210679670133469186","‚ÄúDow closes at another All-Time High!‚Äù @cvpayne @FoxBusiness",""
"2019-12-27 09:35 PM","https://twitter.com/realdonaldtrump/status/1210751027655278592","RT @ROHLL5: I Blame Trump! ü§£
.@realDonaldTrump https://t.co/b2CwtPd4fz","Image: ""I Blame Trump! Stock Market Up! Jobs Up; Wages are up!"""
"2020-01-01 03:36 PM","https://twitter.com/realdonaldtrump/status/1212472593695084544","RT @Scavino45: https://t.co/LZADtVwk1R","Image: ""THE STOCK MARKET KEEPS BREAKING RECORDS"""
"2020-01-09 10:47 AM","https://twitter.com/realdonaldtrump/status/1215299143066947584","STOCK MARKET AT ALL-TIME HIGH! HOW ARE YOUR 401K‚ÄôS DOING? 70%, 80%, 90% up? Only 50% up! What are you doing wrong?",""
"2020-01-10 10:08 AM","https://twitter.com/realdonaldtrump/status/1215651567782780930","‚Äú11,000 points gained in the Dow in the 3 years since the Election of President Trump. Today it may hit 29,000. That has NEVER happened before in that time frame. That has added 12.8 Trillion Dollars to the VALUE of American Business.‚Äù @Varneyco @FoxNews  The best is yet to come!",""
"2020-01-10 11:44 PM","https://twitter.com/realdonaldtrump/status/1215857017409220608","RT @realDonaldTrump: ‚Äú11,000 points gained in the Dow in the 3 years since the Election of President Trump. Today it may hit 29,000. That h‚Ä¶",""
"2020-01-17 03:10 PM","https://twitter.com/realdonaldtrump/status/1218264289225728000","Heading to Florida for big Republican Party event. New Stock Market Record. Jobs in USA at all-time high!",""
"2020-01-18 09:57 AM","https://twitter.com/realdonaldtrump/status/1218547890299248641","RT @realDonaldTrump: ‚ÄúTrade Deals Drive Stocks To Record Highs.‚Äù @FoxNews",""
"2020-01-18 07:52 PM","https://twitter.com/realdonaldtrump/status/1218697758728769536","If you listened to the flawed advice of @paulkrugman at the @nytimes, a newspaper that was going broke until I came along, you would have entirely missed the RECORD BREAKING Stock Market (and other) numbers produced since Election Day, 2016. Sorry, those are the FACTS.....",""
"2020-01-24 08:42 PM","https://twitter.com/realdonaldtrump/status/1220884609547866113","RT @SenJohnBarrasso: Since @realDonaldTrump took office, we‚Äôve added 7 million new jobs, consumer confidence & the stock market are at all-‚Ä¶",""
"2020-02-04 10:52 AM","https://twitter.com/realdonaldtrump/status/1224722351125823491","Market up big today on very good economic news. JOBS, JOBS, JOBS!",""
"2020-02-11 10:49 AM","https://twitter.com/realdonaldtrump/status/1227258461106425857","New Stock Market RECORD. Congratulations, spend your money wisely. KEEP AMERICA GREAT!!!!!",""
"2020-02-11 11:39 AM","https://twitter.com/realdonaldtrump/status/1227271072535498754","When Jerome Powell started his testimony today, the Dow was up 125, & heading higher. As he spoke it drifted steadily downward, as usual, and is now at -15. Germany & other countries get paid to borrow money. We are more prime, but Fed Rate is too high, Dollar tough on exports.",""
"2020-02-12 05:18 PM","https://twitter.com/realdonaldtrump/status/1227718765154045953","GREAT NEWS! #KAG2020üá∫üá∏ https://t.co/QA6Bpl4ETv","Clip of CNBC: ""RECORD CLOSE FOR STOCKS"""
"2020-02-15 05:33 PM","https://twitter.com/realdonaldtrump/status/1228809645185171457","RT @GOPChairwoman: .@realDonaldTrump‚Äôs policies have kicked America‚Äôs economic engine into high gear:
 
Last month marked the 23rd consecut‚Ä¶",""
"2020-02-19 10:42 AM","https://twitter.com/realdonaldtrump/status/1230155765349928960","Highest Stock Market In History, By Far!",""
"2020-02-24 04:42 PM","https://twitter.com/realdonaldtrump/status/1232058127740174339","The Coronavirus is very much under control in the USA. We are in contact with everyone and all relevant countries. CDC & World Health have been working hard and very smart. Stock Market starting to look very good to me!",""
"2020-03-02 11:03 PM","https://twitter.com/realdonaldtrump/status/1234690961948758016","https://t.co/DFl9I722nr","Clip of Hannity: ""STOCKS SURGE, BREAK SINGLE-DAY TRADING RECORDS"""
"2020-03-13 11:56 PM","https://twitter.com/realdonaldtrump/status/1238675339854983169","RT @SaraCarterDC: Trump Declares National Emergency Over Coronavirus, Solutions Spur Wall Street Rally 

Incredible what can be done w/ rig‚Ä¶",""
"2020-03-14 08:08 AM","https://twitter.com/realdonaldtrump/status/1238799084263260161","BIGGEST STOCK MARKET RISE IN HISTORY YESTERDAY!",""
"2020-04-10 07:30 AM","https://twitter.com/realdonaldtrump/status/1248574029289619458","This week, in only 4 days, we had the biggest Stock Market increase since 1974. We have a great chance for the really big bounce when the Invisible Enemy is gone!",""
"2020-05-26 09:45 AM","https://twitter.com/realdonaldtrump/status/1265277965383983104","Stock Market up BIG, DOW crosses 25,000. S&P 500 over 3000. States should open up ASAP. The Transition to Greatness has started, ahead of schedule. There will be ups and downs, but next year will be one of the best ever!",""
"2020-05-26 10:19 PM","https://twitter.com/realdonaldtrump/status/1265467567793229829","RT @realDonaldTrump: Stock Market up BIG, DOW crosses 25,000. S&P 500 over 3000. States should open up ASAP. The Transition to Greatness ha‚Ä¶",""
"2020-06-03 09:45 PM","https://twitter.com/realdonaldtrump/status/1268358305170296833","I feel more and more confident that our economy is in the early stages of coming back very strong. Not everyone agrees with me, but I have little doubt. Watch for September, October, November. Next year will be one of the best ever, and look at the Stock Market NOW!",""
"2020-06-08 11:31 AM","https://twitter.com/realdonaldtrump/status/1270015726502457349","Big day for Stock Market. Smart money, and the World, know that we are heading in the right direction. Jobs coming back FAST. Next year will be our greatest ever!",""
"2020-06-09 08:09 AM","https://twitter.com/realdonaldtrump/status/1270327256624308224","RT @GOP: The Transition to Greatness has BEGUN as the stock market continues to SURGE!
https://t.co/ci53LzN6BM",""
"2020-06-09 08:30 AM","https://twitter.com/realdonaldtrump/status/1270332321133182977","NASDAQ HITS ALL-TIME HIGH!",""
"2020-06-10 08:49 AM","https://twitter.com/realdonaldtrump/status/1270699603147534339","NASDAQ HITS ALL-TIME HIGH. Tremendous progress being made, way ahead of schedule. USA!",""
"2020-06-16 08:39 AM","https://twitter.com/realdonaldtrump/status/1272871304572678144","Wow! May retail sales show biggest one-month increase of ALL TIME, up 17.7%. Far bigger than projected. Looks like a BIG DAY FOR THE STOCK MARKET, AND JOBS!",""
"2020-06-30 09:00 PM","https://twitter.com/realdonaldtrump/status/1278131450232156163","RT @EricTrump: Amazing Quarter for the Markets!!! The DOW has the best quarter in 33 years (up 17.77%). Likewise the NASDAQ is up 30.63% in‚Ä¶",""
"2020-07-01 07:19 AM","https://twitter.com/realdonaldtrump/status/1278287166754492417","WOW. Record Growth in 2nd Quarter! Under Corrupt Joe Biden and his MASSIVE Tax and Regulation increases, Markets, and your 401k‚Äôs, will PLUNGE! Expect a Record 2021!",""
"2020-07-03 08:12 AM","https://twitter.com/realdonaldtrump/status/1279025204963020800","NASDAQ HAD ITS 23RD RECORD CLOSE OF THE YEAR. OTHER EXCHANGES ARE FOLLOWING CLOSELY BEHIND. TREMENDOUS POTENTIAL REMAINING. BIG MONTHS UPCOMING. NEXT YEAR, DEPENDING ON AN ELECTION WIN, WILL BE ONE OF THE BEST EVER! @LouDobbs",""
"2020-07-06 08:26 AM","https://twitter.com/realdonaldtrump/status/1280115980090380288","If you want your 401k‚Äôs  and Stocks, which are getting close to an all time high (NASDAQ is already there), to disintegrate and disappear, vote for the Radical Left Do Nothing Democrats and Corrupt Joe Biden. Massive Tax Hikes - They will make you very poor, FAST!",""
"2020-07-06 09:39 AM","https://twitter.com/realdonaldtrump/status/1280134205696094208","NASDAQ HITS ALL TIME HIGH!",""
"2020-07-08 09:50 AM","https://twitter.com/realdonaldtrump/status/1280861869507567616","Economy and Jobs are growing MUCH faster than anyone (except me!) expected. Job growth is biggest in history. China Virus Mortality Rate is among the LOWEST of any country. Shaping up for a good third quarter, and a great next year! NASDAQ at new record high, 401k‚Äôs way up!!!!",""
"2020-07-13 09:57 AM","https://twitter.com/realdonaldtrump/status/1282675421541289985","The Lamestream Media is not talking about what is happening with the Stock Market and JOBS. Both are doing GREAT! The Radical Left will destroy the USA. Be careful what you wish for!",""
"2020-07-21 07:33 AM","https://twitter.com/realdonaldtrump/status/1285538283892748288","Strong Stock Market Numbers. You want to see them dive? Vote for the Radical Left with their BIG Tax Hikes!",""
"2020-08-01 05:29 PM","https://twitter.com/realdonaldtrump/status/1289674638285447168","‚ÄúBiden to raise taxes by 3 Trillion Dollars.‚Äù Actually, it will be much more than that, and much of it on nonsense. Markets and your 401k‚Äôs will CRASH. Jobs will disappear!",""
"2020-08-03 09:49 AM","https://twitter.com/realdonaldtrump/status/1290283634130214913","RECORD HIGH NASDAQ! It would all come crashing down, including your Jobs, Stocks, and 401k‚Äôs, if Sleepy Joe ever became President. China and others would own us!!!",""
"2020-08-08 03:28 PM","https://twitter.com/realdonaldtrump/status/1292181029541879812","Sleepy Joe Biden just agreed with the Radical Left Democrats to raise Taxes by Three Trillion Dollars. Everyone will pay - Will kill your Stocks, 401k‚Äôs, and the ECONOMY. BIG CRASH!  #MAGA",""
"2020-08-11 08:34 AM","https://twitter.com/realdonaldtrump/status/1293163818282094594","Big Stock Market Numbers!",""
"2020-08-17 04:50 PM","https://twitter.com/realdonaldtrump/status/1295462969313120256","NEW RECORD FOR NASDAQ!",""
"2020-08-18 07:00 AM","https://twitter.com/realdonaldtrump/status/1295677038301523968","....My Administration and I built the greatest economy in history, of any country, turned it off, saved millions of lives, and now am building an even greater economy than it was before. Jobs are flowing, NASDAQ is already at a record high, the rest to follow. Sit back & watch!",""
"2020-08-24 06:49 PM","https://twitter.com/realdonaldtrump/status/1298029780437270530","Joe Biden has said he would lock down the Country again. That‚Äôs crazy! We‚Äôre having record job growth and a booming stock market, but Joe would end it all and close it all down. Ridiculous!",""
"2020-08-26 11:05 AM","https://twitter.com/realdonaldtrump/status/1298637609871212545","Just In: Chinese State Media and Leaders of CHINA want Biden to win ‚Äúthe U.S. Election‚Äù.  If this happened (which it won‚Äôt), China would own our Country, and our Record Setting Stock Markets would literally CRASH!",""
"2020-09-02 04:05 PM","https://twitter.com/realdonaldtrump/status/1301249968091455488","The Dow Jones Industrial just closed above 29,000! You are so lucky to have me as your PresidentüòâWith Joe Hiden‚Äô it would crashüòß",""
"2020-09-03 11:21 AM","https://twitter.com/realdonaldtrump/status/1301540878381703168","Do you notice that any time Fake News Suppression Polls are put out, like @FoxNews, the Stock Market goes DOWN. We are going to WIN!",""
"2020-09-07 07:20 PM","https://twitter.com/realdonaldtrump/status/1303110961495244800","RT @TVNewsHQ: ‚ÄúLook at the Dow go!‚Äù Fox Business host reacts as 1.37 million jobs are created according to new figures out this morning, wi‚Ä¶",""
"2020-09-14 10:21 AM","https://twitter.com/realdonaldtrump/status/1305512070683619328","Great, Just Out! 51% Approval Rating in Rasmussen Poll. 95% in Republican Party. Stock Market up BIG today. Will I ever be given credit for the Markets and Economy? Next year will be BIG!",""
"2020-09-25 07:15 AM","https://twitter.com/realdonaldtrump/status/1309451524599427072","RT @seanmdav: BREAKING: Explosive new FBI texts uncovered by DOJ show that FBI agents were so horrified by the bureau's actions to take dow‚Ä¶",""
"2020-10-05 06:19 AM","https://twitter.com/realdonaldtrump/status/1313061137366298625","‚ÄúI‚Äôm voting for Donald Trump. My father is a Union Worker and his 401K has tripled under President Trump.‚Äù USA Voter. @foxandfriends  Thank you, and remember that the Stock Market is getting ready to break its all time high. NEXT YEAR WILL BE THE BEST EVER. VOTE, VOTE, VOTE!!!!!",""
"2020-10-05 06:47 AM","https://twitter.com/realdonaldtrump/status/1313068347085422594","STOCK MARKET HIGHS. VOTE!",""
"2020-10-05 06:57 AM","https://twitter.com/realdonaldtrump/status/1313070848027357188","401(K). VOTE!",""
"2020-10-05 04:53 PM","https://twitter.com/realdonaldtrump/status/1313220863735533570","STOCK MARKET UP BIG, 466 Points!  28,149. Great News for America. Jobs, Jobs, Jobs!",""
"2020-10-06 12:03 PM","https://twitter.com/realdonaldtrump/status/1313510118437392384","The Fake News Media refuses to discuss how good the Economy and Stock Market, including JOBS under the Trump Administration, are doing. We will soon be in RECORD TERRITORY. All they want to discuss is COVID 19, where they won‚Äôt say it, but we beat the Dems all day long, also!!!",""
"2020-10-06 02:48 PM","https://twitter.com/realdonaldtrump/status/1313551796644831233","...@senatemajldr Mitch McConnell not to delay,¬†but to instead focus full time on approving my outstanding nominee to the¬†United States¬†Supreme Court, Amy Coney Barrett. Our Economy is doing¬†very¬†well. The Stock Market is at record levels, JOBS and unemployment...",""
"2020-10-12 09:05 AM","https://twitter.com/realdonaldtrump/status/1315639802084110336","Remember, Stock Market at an All Time High, and going up. 401k‚Äôs at RECORD. With Sleepy Joe comes Tax Increases, jobs losses and DEPRESSION like never seen before!!! VOTE!!!",""
"2020-10-12 10:16 AM","https://twitter.com/realdonaldtrump/status/1315657598235013121","Stock Market Up Big. Do I get no credit for this? Never even mentioned by the Fake News. A New Record for Stocks and Jobs Growth. Remember, ‚Äúit‚Äôs the Economy Stupid‚Äù.  VOTE!!!",""
"2020-10-12 10:49 AM","https://twitter.com/realdonaldtrump/status/1315665875995963392","RT @realDonaldTrump: Remember, Stock Market at an All Time High, and going up. 401k‚Äôs at RECORD. With Sleepy Joe comes Tax Increases, jobs‚Ä¶",""
"2020-10-12 10:58 AM","https://twitter.com/realdonaldtrump/status/1315668059751931904","STOCK MARKET UP BIG!",""
"2020-10-12 12:47 PM","https://twitter.com/realdonaldtrump/status/1315695492676890631","The Economy is about ready to go through the roof. Stock Market ready to break ALL-TIME RECORD. 401k‚Äôs incredible. New Jobs Record. Remember all of this when you VOTE. Sleepy Joe wants to quadruple your Taxes. Depression!!! Don‚Äôt let it happen! #MAGA",""
"2020-10-12 12:54 PM","https://twitter.com/realdonaldtrump/status/1315697299192975362","STOCK MARKET UP ANOTHER 300 POINTS - GREATEST LEADING INDICATOR OF THEM ALL!!! DON‚ÄôT RUIN IT WITH SLEEPY JOE!!!",""
"2020-10-20 10:02 AM","https://twitter.com/realdonaldtrump/status/1318553184172998658","‚ÄúStock Markets will hit new highs if President Trump wins.  Tremendous growth like never before. If Biden wins, it‚Äôs strangulation. Not good.‚Äù @SteveKalayjian @Varneyco",""
"2020-10-21 10:38 AM","https://twitter.com/realdonaldtrump/status/1318924531092828162","Your 401k‚Äôs will crash with Biden. Massive Biden Tax and Regulation increases will destroy all that you have built! Additionally, 180 Million People will lose their Private Healthcare Plans.",""
"2020-11-09 07:31 AM","https://twitter.com/realdonaldtrump/status/1325778096151203843","STOCK MARKET UP BIG, VACCINE COMING SOON. REPORT 90% EFFECTIVE. SUCH GREAT NEWS!",""
"2020-11-16 11:02 AM","https://twitter.com/realdonaldtrump/status/1328367970352066560","STOCK MARKET GETTING VERY CLOSE TO 30,000 ON NEW VACCINE NEWS. 95% EFFECTIVE!",""
"2020-11-25 12:12 AM","https://twitter.com/realdonaldtrump/status/1331465666080239616","RT @TeamTrump: The Great American Comeback is ONLY possible with President @realDonaldTrump!","CNBC: ""BREAKING: Dow Jones Industrial Average hits 30,000 for the first time"""
"2020-11-25 07:17 PM","https://twitter.com/realdonaldtrump/status/1331754026384420865","RT @RepDLesko: The Dow Jones average surpassed 30,000 for the first time ever! Thanks to President @realDonaldTrump's pro-growth, pro-Ameri‚Ä¶",""
"2020-11-25 07:22 PM","https://twitter.com/realdonaldtrump/status/1331755119277469696","RT @RepAndyBiggsAZ: The U.S. economy has enjoyed incredible momentum since President @realDonaldTrump took office thanks to his commitment‚Ä¶","CNBC: ""Dow rallies 500 points to surpass 30,000 for the first time"""
"2020-12-04 05:41 PM","https://twitter.com/realdonaldtrump/status/1334991357144944643","STOCK MARKET REACHES NEW ALL-TIME HIGH!",""
"2020-12-08 05:34 PM","https://twitter.com/realdonaldtrump/status/1336439050488647681","NASDAQ and S&P close at all-time highs. Congratulations!",""
"2020-12-09 09:42 AM","https://twitter.com/realdonaldtrump/status/1336682635725320193","STOCK MARKETS AT NEW ALL TIME HIGHS!!!",""
"2020-12-17 09:52 AM","https://twitter.com/realdonaldtrump/status/1339584378154885124","All-time Stock Market high. The Vaccine and the Vaccine rollout are getting the best of reviews. Moving along really well. Get those ‚Äúshots‚Äù everyone! Also, stimulus talks looking very good.",""
"2020-12-31 10:44 PM","https://twitter.com/realdonaldtrump/status/1344852043681435648","Finished off the year with the highest Stock Market in history. Setting records with your 401k‚Äôs, just like I said you would. Congratulations to all!",""
